{
  "status": "success",
  "total_kills": 143,
  "map": "Unknown",
  "tickrate": 64,
  "predictions": [
    {
      "kill_id": "2348_jcobbb_jcobbb",
      "attacker": "jcobbb",
      "victim": "jcobbb",
      "place": "Unknown",
      "round": 1,
      "weapon": "world",
      "headshot": false,
      "distance": 0.0,
      "time_in_round": 31.25,
      "context": {
        "kill_tick": 2348,
        "attacker_name": "jcobbb",
        "victim_name": "jcobbb",
        "side": "ct",
        "place": "CTSpawn",
        "headshot": false,
        "attacker_weapon": "world",
        "victim_weapon": "Unknown",
        "attacker_x": -1720.0,
        "attacker_y": -1896.0,
        "attacker_z": -267.602294921875,
        "attacker_health": 100.0,
        "attacker_vel_x": 0,
        "attacker_vel_y": 0,
        "victim_x": -1720.0,
        "victim_y": -1896.0,
        "victim_z": -267.602294921875,
        "victim_health": 100.0,
        "time_in_round_s": 31.25,
        "distance_xy": 0.0,
        "approach_align_deg": null,
        "flash_near": false,
        "smoke_near": false,
        "molotov_near": false,
        "he_near": false,
        "attacker_image_x": 297.2799987792969,
        "attacker_image_y": 721.1799926757812,
        "victim_image_x": 297.2799987792969,
        "victim_image_y": 721.1799926757812,
        "debug_attacker": {
          "original": [-1720.0, -1896.0],
          "step1_centered": [-1113.5999755859375, 1040.9000244140625],
          "step2_scaled": [-222.72000122070312, 208.1800079345703],
          "step3_centered": [289.2799987792969, 720.1799926757812],
          "step4_adjusted": [314.2799987792969, 720.1799926757812],
          "final": [314.2799987792969, 720.1799926757812],
          "parameters": {
            "pos_x": -606.4,
            "pos_y": -855.1,
            "scale": 5.0,
            "x_adjust": 25,
            "y_adjust": 0
          }
        },
        "debug_victim": {
          "original": [-1720.0, -1896.0],
          "step1_centered": [-1113.5999755859375, 1040.9000244140625],
          "step2_scaled": [-222.72000122070312, 208.1800079345703],
          "step3_centered": [289.2799987792969, 720.1799926757812],
          "step4_adjusted": [314.2799987792969, 720.1799926757812],
          "final": [314.2799987792969, 720.1799926757812],
          "parameters": {
            "pos_x": -606.4,
            "pos_y": -855.1,
            "scale": 5.0,
            "x_adjust": 25,
            "y_adjust": 0
          }
        },
        "had_sound_cue": false,
        "sound_cue_types": [],
        "sound_cue_count": 0,
        "last_sound_tick": null,
        "time_since_last_sound": null,
        "attacker_visible": true,
        "attacker_distance_when_heard": null,
        "victim_was_aware": false,
        "victim_was_watching": false,
        "victim_was_backstabbed": false,
        "time_since_last_sight": null,
        "awareness_confidence": 0.7,
        "angle_to_attacker": 0.0,
        "victim_view_angle": 0,
        "angle_difference": 0.0,
        "awareness_detected_at_tick": null,
        "round_number": 1,
        "round_phase": "mid",
        "bomb_planted": false,
        "time_since_bomb_plant": null,
        "time_until_bomb_explode": null,
        "players_alive_t": 0,
        "players_alive_ct": 0,
        "round_win_probability": 0.5,
        "match_score_t": 0,
        "match_score_ct": 0,
        "team1_name": "Team jcobbb",
        "team2_name": "Team Aleksib",
        "game_id": null,
        "flash_active": false,
        "smoke_active": false,
        "molotov_active": false,
        "he_active": false,
        "utility_count": 0,
        "closest_utility_distance": null,
        "utility_thrower": null,
        "time_since_utility": null,
        "utility_affecting_kill": false,
        "attacker_is_alive": true,
        "attacker_is_ducking": false,
        "attacker_is_scoped": false,
        "attacker_is_moving": false,
        "attacker_movement_speed": 0,
        "attacker_has_primary": false,
        "attacker_has_secondary": false,
        "attacker_has_utility": false,
        "victim_is_alive": true,
        "victim_is_ducking": false,
        "victim_is_scoped": false,
        "victim_is_moving": false,
        "victim_movement_speed": 0,
        "victim_has_primary": false,
        "victim_has_secondary": false,
        "victim_has_utility": false,
        "kill_advantage": 0.0,
        "distance_category": "close",
        "is_eco_kill": false,
        "is_trade_kill": false,
        "is_clutch_situation": false
      },
      "prediction": {
        "predicted_label": "other",
        "confidence": 0.9990218725579264,
        "top_predictions": [
          {
            "label": "other",
            "confidence": 0.9990218725579264
          },
          {
            "label": "good_decision",
            "confidence": 0.0006660064904266689
          },
          {
            "label": "good_positioning",
            "confidence": 0.00030481125432891903
          }
        ],
        "all_probabilities": {
          "good_decision": 0.0006660064904266689,
          "good_positioning": 0.00030481125432891903,
          "other": 0.9990218725579264,
          "precise": 7.309697318108347e-06
        }
      }
    },
    {
      "kill_id": "8282_jcobbb_b1t",
      "attacker": "jcobbb",
      "victim": "b1t",
      "place": "Unknown",
      "round": 1,
      "weapon": "usp_silencer",
      "headshot": true,
      "distance": 1512.3480224609375,
      "time_in_round": 123.96875,
      "context": {
        "kill_tick": 8282,
        "attacker_name": "jcobbb",
        "victim_name": "b1t",
        "side": "ct",
        "place": "Connector",
        "headshot": true,
        "attacker_weapon": "usp_silencer",
        "victim_weapon": "Unknown",
        "attacker_x": -781.967529296875,
        "attacker_y": -1152.0853271484375,
        "attacker_z": -120.17535400390625,
        "attacker_health": 100.0,
        "attacker_vel_x": 0,
        "attacker_vel_y": 0,
        "victim_x": 130.1591033935547,
        "victim_y": -2358.410888671875,
        "victim_z": -39.96875,
        "victim_health": 0.0,
        "time_in_round_s": 123.96875,
        "distance_xy": 1512.3480224609375,
        "approach_align_deg": null,
        "flash_near": false,
        "smoke_near": false,
        "molotov_near": false,
        "he_near": false,
        "attacker_image_x": 484.8865051269531,
        "attacker_image_y": 572.3970947265625,
        "victim_image_x": 667.3118286132812,
        "victim_image_y": 813.6621704101562,
        "debug_attacker": {
          "original": [-781.967529296875, -1152.0853271484375],
          "step1_centered": [-175.5675048828125, 296.9853515625],
          "step2_scaled": [-35.113502502441406, 59.397071838378906],
          "step3_centered": [476.8865051269531, 571.3970947265625],
          "step4_adjusted": [501.8865051269531, 571.3970947265625],
          "final": [501.8865051269531, 571.3970947265625],
          "parameters": {
            "pos_x": -606.4,
            "pos_y": -855.1,
            "scale": 5.0,
            "x_adjust": 25,
            "y_adjust": 0
          }
        },
        "debug_victim": {
          "original": [130.1591033935547, -2358.410888671875],
          "step1_centered": [736.5591430664062, 1503.3109130859375],
          "step2_scaled": [147.31182861328125, 300.66217041015625],
          "step3_centered": [659.3118286132812, 812.6621704101562],
          "step4_adjusted": [684.3118286132812, 812.6621704101562],
          "final": [684.3118286132812, 812.6621704101562],
          "parameters": {
            "pos_x": -606.4,
            "pos_y": -855.1,
            "scale": 5.0,
            "x_adjust": 25,
            "y_adjust": 0
          }
        },
        "had_sound_cue": false,
        "sound_cue_types": [],
        "sound_cue_count": 0,
        "last_sound_tick": null,
        "time_since_last_sound": null,